gene_id,GE,Pattern_1,Pattern_2
ENSG00000109118,1.0,63,47
ENSG00000177023,0.0,16,14
ENSG00000132581,1.0,49,45
ENSG00000204514,1.0,57,40
ENSG00000132840,0.0,38,26
ENSG00000091527,1.0,60,41
ENSG00000141446,1.0,53,41
ENSG00000164897,1.0,56,45
ENSG00000175311,0.0,47,39
ENSG00000101425,0.0,50,39
ENSG00000130783,0.0,36,33
ENSG00000232112,1.0,49,44
ENSG00000083807,0.0,40,39
ENSG00000171428,0.0,50,31
ENSG00000107014,0.0,22,11
ENSG00000196873,0.0,3,3
ENSG00000184828,0.0,53,40
ENSG00000167642,1.0,57,45
ENSG00000177963,1.0,59,49
ENSG00000204653,0.0,42,31
ENSG00000181803,0.0,43,37
ENSG00000115808,1.0,57,47
ENSG00000166016,0.0,62,36
ENSG00000133398,1.0,52,43
ENSG00000138079,0.0,44,36
ENSG00000147813,1.0,53,38
ENSG00000161921,0.0,40,39
ENSG00000050555,1.0,53,39
ENSG00000231068,0.0,34,21
ENSG00000132341,1.0,56,44
ENSG00000006638,0.0,54,47
ENSG00000134827,0.0,47,32
ENSG00000008056,1.0,33,24
ENSG00000112041,0.0,46,41
ENSG00000188672,0.0,28,23
ENSG00000186442,0.0,49,31
ENSG00000053371,1.0,44,44
ENSG00000166948,0.0,50,41
ENSG00000118939,1.0,47,40
ENSG00000229809,0.0,52,41
ENSG00000119616,1.0,43,39
ENSG00000128524,1.0,53,38
ENSG00000073737,0.0,46,35
ENSG00000154328,1.0,55,39
ENSG00000214681,0.0,54,42
ENSG00000244509,1.0,49,37
ENSG00000218357,0.0,39,30
ENSG00000160867,1.0,55,37
ENSG00000113361,0.0,41,46
ENSG00000176834,1.0,51,43
ENSG00000236981,0.0,36,31
ENSG00000168067,1.0,57,37
ENSG00000083307,1.0,53,42
ENSG00000151615,0.0,53,38
ENSG00000148925,1.0,38,42
ENSG00000170955,1.0,58,46
ENSG00000242259,1.0,53,45
ENSG00000059588,1.0,49,42
ENSG00000100902,1.0,40,34
ENSG00000204946,0.0,48,40
ENSG00000188171,1.0,56,37
ENSG00000000419,1.0,55,46
ENSG00000164011,1.0,46,41
ENSG00000186973,0.0,53,45
ENSG00000086730,0.0,40,40
ENSG00000108599,1.0,53,41
ENSG00000162711,0.0,45,30
ENSG00000172365,0.0,33,26
ENSG00000119596,1.0,58,44
ENSG00000235173,1.0,2,1
ENSG00000174720,1.0,55,42
ENSG00000030419,0.0,38,38
ENSG00000152785,0.0,43,41
ENSG00000170579,0.0,50,41
ENSG00000065609,0.0,48,37
ENSG00000101350,1.0,49,33
ENSG00000100523,0.0,52,42
ENSG00000165689,1.0,48,42
ENSG00000058668,1.0,61,45
ENSG00000136045,1.0,40,39
ENSG00000176593,0.0,53,46
ENSG00000136141,0.0,56,44
ENSG00000102572,1.0,59,43
ENSG00000141738,1.0,52,49
ENSG00000101825,0.0,47,41
ENSG00000151292,1.0,47,34
ENSG00000117016,0.0,53,38
ENSG00000204019,0.0,21,20
ENSG00000139971,0.0,65,43
ENSG00000204516,1.0,52,40
ENSG00000012174,0.0,35,31
ENSG00000162298,1.0,55,44
ENSG00000162482,0.0,45,35
ENSG00000159588,0.0,47,29
ENSG00000161277,0.0,54,43
ENSG00000215217,0.0,53,48
ENSG00000169564,1.0,61,49
ENSG00000140400,1.0,54,42
ENSG00000170855,1.0,57,43
ENSG00000166348,1.0,37,35
ENSG00000070886,0.0,51,47
ENSG00000185245,0.0,47,37
ENSG00000147649,1.0,55,39
ENSG00000176473,1.0,45,34
ENSG00000158104,0.0,47,34
ENSG00000167994,0.0,57,36
ENSG00000136158,1.0,60,49
ENSG00000104888,0.0,51,44
ENSG00000141376,1.0,35,39
ENSG00000162399,0.0,52,39
ENSG00000183310,0.0,16,14
ENSG00000101152,1.0,48,36
ENSG00000123338,0.0,41,30
ENSG00000143125,0.0,53,32
ENSG00000150636,0.0,40,36
ENSG00000157216,1.0,61,47
ENSG00000142583,0.0,43,33
ENSG00000095917,0.0,43,28
ENSG00000183850,1.0,47,46
ENSG00000127399,0.0,56,42
ENSG00000151320,0.0,45,41
ENSG00000110934,0.0,46,37
ENSG00000197852,0.0,53,43
ENSG00000184486,0.0,49,44
ENSG00000204084,1.0,49,44
ENSG00000165389,1.0,41,43
ENSG00000111752,1.0,59,41
ENSG00000149932,1.0,47,38
ENSG00000166426,1.0,57,43
ENSG00000111845,1.0,53,43
ENSG00000132275,1.0,56,46
ENSG00000112130,1.0,56,41
ENSG00000124507,1.0,50,41
ENSG00000152778,1.0,49,46
ENSG00000229183,0.0,0,0
ENSG00000226763,0.0,52,34
ENSG00000008128,1.0,31,19
ENSG00000138468,0.0,43,38
ENSG00000205883,0.0,55,37
ENSG00000086827,1.0,47,35
ENSG00000130222,0.0,54,45
ENSG00000142856,1.0,45,39
ENSG00000140396,1.0,61,45
ENSG00000185697,0.0,44,35
ENSG00000167633,0.0,40,32
ENSG00000171119,1.0,47,36
ENSG00000178980,1.0,51,51
ENSG00000139973,0.0,37,34
ENSG00000027847,1.0,52,39
ENSG00000159387,0.0,57,37
ENSG00000176393,1.0,46,43
ENSG00000166862,0.0,45,38
ENSG00000205279,0.0,49,29
ENSG00000125149,1.0,50,48
ENSG00000121005,1.0,47,41
ENSG00000104853,1.0,51,49
ENSG00000181588,1.0,47,42
ENSG00000165478,0.0,46,37
ENSG00000090470,1.0,42,39
ENSG00000163633,0.0,55,40
ENSG00000124103,1.0,51,39
ENSG00000244038,1.0,59,41
ENSG00000147596,1.0,54,47
ENSG00000149243,0.0,52,41
ENSG00000152684,1.0,45,33
ENSG00000107036,1.0,53,41
ENSG00000219438,1.0,57,45
ENSG00000174130,0.0,22,27
ENSG00000186007,0.0,47,38
ENSG00000203797,0.0,51,44
ENSG00000135828,0.0,42,35
ENSG00000188408,0.0,34,23
ENSG00000197956,1.0,58,44
ENSG00000196526,1.0,53,40
ENSG00000174348,0.0,48,50
ENSG00000126391,1.0,58,38
ENSG00000173409,1.0,51,42
ENSG00000116237,1.0,48,42
ENSG00000139278,1.0,57,38
ENSG00000069424,0.0,50,39
ENSG00000071051,1.0,57,41
ENSG00000100938,1.0,56,44
ENSG00000182628,1.0,50,43
ENSG00000184076,1.0,53,40
ENSG00000035928,1.0,40,46
ENSG00000187736,1.0,53,36
ENSG00000205078,0.0,36,31
ENSG00000119919,0.0,56,45
ENSG00000087263,1.0,51,49
ENSG00000001460,0.0,48,41
ENSG00000099800,1.0,62,41
ENSG00000047188,1.0,44,44
ENSG00000177875,0.0,45,46
ENSG00000179588,0.0,59,43
ENSG00000150628,0.0,43,41
ENSG00000243130,0.0,30,26
ENSG00000104960,1.0,56,46
ENSG00000253138,0.0,50,28
ENSG00000196449,1.0,60,42
ENSG00000248727,0.0,55,35
ENSG00000130957,0.0,40,39
ENSG00000143702,1.0,51,48
ENSG00000173406,1.0,61,40
ENSG00000215612,0.0,65,41
ENSG00000205476,1.0,50,47
ENSG00000110881,0.0,57,42
ENSG00000126775,1.0,46,41
ENSG00000065978,1.0,63,46
ENSG00000106049,1.0,48,43
ENSG00000179632,1.0,46,43
ENSG00000135919,1.0,56,47
ENSG00000128918,0.0,44,42
ENSG00000139291,0.0,48,47
ENSG00000127526,1.0,53,43
ENSG00000112773,0.0,52,42
ENSG00000007968,0.0,65,42
ENSG00000181965,0.0,54,41
ENSG00000172771,0.0,47,39
ENSG00000167531,0.0,44,40
ENSG00000106636,1.0,48,29
ENSG00000136982,1.0,49,39
ENSG00000171861,1.0,52,37
ENSG00000188958,0.0,51,40
ENSG00000136487,0.0,47,35
ENSG00000100312,0.0,43,41
ENSG00000182308,0.0,38,31
ENSG00000167769,0.0,37,27
ENSG00000175054,0.0,53,37
ENSG00000188486,1.0,61,42
ENSG00000182670,1.0,38,28
ENSG00000066248,0.0,49,37
ENSG00000152254,0.0,34,32
ENSG00000110079,0.0,44,40
ENSG00000197016,1.0,44,48
ENSG00000143603,0.0,61,44
ENSG00000108602,0.0,43,32
ENSG00000174744,1.0,60,42
ENSG00000149289,0.0,51,44
ENSG00000110002,1.0,47,43
ENSG00000163297,0.0,50,45
ENSG00000162998,0.0,52,40
ENSG00000107831,1.0,56,42
ENSG00000166452,1.0,61,40
ENSG00000160058,1.0,60,38
ENSG00000035141,1.0,45,39
ENSG00000094916,1.0,59,42
ENSG00000213265,0.0,39,34
ENSG00000146910,0.0,50,37
ENSG00000168484,0.0,53,39
ENSG00000134259,0.0,56,49
ENSG00000205177,0.0,55,39
ENSG00000104879,0.0,42,40
ENSG00000123684,0.0,44,49
ENSG00000129625,1.0,50,43
ENSG00000125827,1.0,47,38
ENSG00000124731,0.0,44,44
ENSG00000117114,1.0,57,41
ENSG00000186452,0.0,50,40
ENSG00000182472,0.0,44,30
ENSG00000131188,0.0,53,47
ENSG00000134987,1.0,49,35
ENSG00000144554,1.0,47,40
ENSG00000170265,1.0,49,41
ENSG00000151576,1.0,59,39
ENSG00000204178,1.0,54,35
ENSG00000142303,0.0,45,45
ENSG00000167748,0.0,55,38
ENSG00000130762,1.0,55,46
ENSG00000132326,0.0,51,48
ENSG00000164591,0.0,51,40
ENSG00000166856,0.0,51,39
ENSG00000171150,1.0,47,39
ENSG00000089335,1.0,56,45
ENSG00000160321,0.0,33,27
ENSG00000130559,1.0,58,47
ENSG00000205336,0.0,53,38
ENSG00000137414,1.0,48,36
ENSG00000177370,1.0,42,43
ENSG00000160293,1.0,57,42
ENSG00000162894,0.0,46,43
ENSG00000135698,1.0,55,45
ENSG00000124788,0.0,61,46
ENSG00000231051,0.0,2,2
ENSG00000048545,0.0,49,44
ENSG00000197312,1.0,53,41
ENSG00000130812,0.0,37,36
ENSG00000173915,1.0,51,44
ENSG00000179091,1.0,59,40
ENSG00000125965,0.0,52,37
ENSG00000168386,0.0,44,30
ENSG00000128394,0.0,52,37
ENSG00000137288,1.0,51,34
ENSG00000184992,1.0,56,41
ENSG00000204899,1.0,49,43
ENSG00000180357,1.0,52,41
ENSG00000186026,0.0,51,36
ENSG00000151208,1.0,58,48
ENSG00000108561,1.0,53,47
ENSG00000142920,0.0,52,46
ENSG00000141504,1.0,48,38
ENSG00000052802,1.0,66,45
ENSG00000119608,0.0,48,36
ENSG00000104679,1.0,53,42
ENSG00000106541,0.0,39,26
ENSG00000089693,1.0,52,44
ENSG00000110011,1.0,51,41
ENSG00000165338,1.0,55,37
ENSG00000100991,1.0,53,41
ENSG00000184378,1.0,43,27
ENSG00000170683,0.0,35,27
ENSG00000085871,1.0,48,51
ENSG00000155097,1.0,59,46
ENSG00000205916,0.0,0,0
ENSG00000162641,0.0,46,39
ENSG00000160131,1.0,40,31
ENSG00000134817,1.0,58,49
ENSG00000205495,0.0,29,25
ENSG00000007392,1.0,53,37
ENSG00000178209,1.0,57,38
ENSG00000081479,0.0,50,44
ENSG00000104321,0.0,47,37
ENSG00000077080,0.0,41,27
ENSG00000171942,0.0,46,34
ENSG00000120696,1.0,34,36
ENSG00000004864,1.0,55,37
ENSG00000056736,0.0,48,37
ENSG00000108839,0.0,54,38
ENSG00000167291,1.0,59,45
ENSG00000057935,1.0,51,36
ENSG00000136197,1.0,48,40
ENSG00000114503,1.0,47,49
ENSG00000115514,1.0,54,44
ENSG00000205838,0.0,52,38
ENSG00000111252,1.0,61,39
ENSG00000120314,1.0,59,42
ENSG00000155511,0.0,54,36
ENSG00000117013,0.0,59,42
ENSG00000140832,1.0,52,45
ENSG00000197753,0.0,46,34
ENSG00000176988,0.0,30,19
ENSG00000135973,0.0,51,36
ENSG00000143320,1.0,54,48
ENSG00000100897,1.0,57,40
ENSG00000127990,1.0,44,38
ENSG00000127585,0.0,58,34
ENSG00000135506,1.0,48,33
ENSG00000175329,0.0,54,35
ENSG00000204920,1.0,46,29
ENSG00000177694,0.0,35,20
ENSG00000143761,1.0,62,43
ENSG00000119929,1.0,50,43
ENSG00000117090,0.0,44,40
ENSG00000089022,1.0,59,45
ENSG00000137801,1.0,54,48
ENSG00000157978,1.0,60,40
ENSG00000104812,1.0,56,46
ENSG00000091986,0.0,53,38
ENSG00000125945,0.0,48,44
ENSG00000184385,0.0,42,28
ENSG00000108924,0.0,51,39
ENSG00000179832,0.0,0,0
ENSG00000134049,1.0,56,35
ENSG00000111727,0.0,48,44
ENSG00000037474,1.0,60,39
ENSG00000145879,0.0,45,27
ENSG00000151773,0.0,54,34
ENSG00000125798,1.0,61,47
ENSG00000187701,0.0,13,8
ENSG00000135299,1.0,51,46
ENSG00000023909,1.0,53,38
ENSG00000198455,1.0,37,31
ENSG00000184584,0.0,45,34
ENSG00000168356,0.0,46,30
ENSG00000114554,1.0,48,38
ENSG00000170776,1.0,58,42
ENSG00000172845,1.0,56,51
ENSG00000103502,1.0,60,47
ENSG00000121552,0.0,34,27
ENSG00000139445,0.0,62,41
ENSG00000144119,0.0,57,45
ENSG00000134376,0.0,27,23
ENSG00000185942,0.0,50,39
ENSG00000101958,0.0,22,23
ENSG00000243477,1.0,49,36
ENSG00000165821,1.0,49,39
ENSG00000169218,0.0,48,41
ENSG00000222047,0.0,36,34
ENSG00000197696,1.0,60,44
ENSG00000134363,1.0,56,50
ENSG00000183718,0.0,53,51
ENSG00000139890,0.0,56,44
ENSG00000115257,0.0,42,44
ENSG00000012779,0.0,51,41
ENSG00000083857,1.0,51,48
ENSG00000130950,0.0,11,10
ENSG00000066336,0.0,52,35
ENSG00000257365,1.0,58,42
ENSG00000137193,1.0,56,47
ENSG00000186009,0.0,47,37
ENSG00000075340,1.0,57,42
ENSG00000124789,1.0,55,44
ENSG00000138495,1.0,44,27
ENSG00000154548,1.0,49,40
ENSG00000176435,0.0,44,40
ENSG00000140534,1.0,51,46
ENSG00000203710,0.0,46,33
ENSG00000073050,1.0,50,40
ENSG00000241106,0.0,44,38
ENSG00000205913,0.0,55,44
ENSG00000187082,0.0,11,4
ENSG00000222036,0.0,2,4
ENSG00000174123,0.0,41,33
ENSG00000110330,1.0,42,35
ENSG00000160818,1.0,52,41
ENSG00000042781,0.0,35,29
ENSG00000220205,1.0,53,47
ENSG00000073584,1.0,48,44
ENSG00000188994,1.0,53,38
ENSG00000164967,1.0,48,47
ENSG00000242366,0.0,35,25
ENSG00000135218,0.0,25,23
ENSG00000100462,1.0,50,49
ENSG00000162413,1.0,54,47
ENSG00000188242,1.0,48,47
ENSG00000140961,0.0,48,42
ENSG00000164600,0.0,45,35
ENSG00000025156,1.0,46,44
ENSG00000130234,0.0,24,17
ENSG00000130653,0.0,50,35
ENSG00000153933,0.0,51,38
ENSG00000181562,0.0,43,36
ENSG00000198087,1.0,50,41
ENSG00000105649,0.0,53,44
ENSG00000176798,0.0,44,31
ENSG00000123411,1.0,53,36
ENSG00000069018,0.0,32,25
ENSG00000103449,1.0,62,46
ENSG00000126602,1.0,48,42
ENSG00000137285,1.0,48,41
ENSG00000101017,0.0,51,45
ENSG00000106348,1.0,53,38
ENSG00000132563,1.0,53,42
ENSG00000111269,1.0,47,40
ENSG00000115194,0.0,48,50
ENSG00000010310,0.0,56,35
ENSG00000118965,1.0,45,40
ENSG00000162670,0.0,45,46
ENSG00000104499,0.0,33,37
ENSG00000101938,1.0,43,44
ENSG00000176108,1.0,48,39
ENSG00000011600,0.0,44,41
ENSG00000172031,0.0,46,37
ENSG00000075914,1.0,61,45
ENSG00000205439,0.0,40,32
ENSG00000066777,1.0,50,43
ENSG00000175455,1.0,41,37
ENSG00000179314,1.0,51,43
ENSG00000187054,0.0,36,32
ENSG00000104231,1.0,42,35
ENSG00000168439,1.0,55,39
ENSG00000183726,1.0,41,33
ENSG00000188056,0.0,52,39
ENSG00000135502,0.0,53,44
ENSG00000182631,0.0,49,34
ENSG00000120341,0.0,46,31
ENSG00000078898,0.0,46,44
ENSG00000212710,0.0,39,33
ENSG00000137709,0.0,61,41
ENSG00000102804,1.0,53,55
ENSG00000139055,0.0,40,35
ENSG00000162105,1.0,48,31
ENSG00000182255,0.0,50,38
ENSG00000137628,0.0,37,35
ENSG00000131779,1.0,46,40
ENSG00000102743,1.0,54,43
ENSG00000101928,1.0,30,28
ENSG00000100580,1.0,54,51
ENSG00000139112,1.0,58,46
ENSG00000212722,0.0,32,24
ENSG00000167757,0.0,44,33
ENSG00000186231,0.0,50,33
ENSG00000213578,0.0,50,42
ENSG00000165259,0.0,38,28
ENSG00000106785,1.0,42,38
ENSG00000259224,0.0,44,37
ENSG00000213020,1.0,50,35
ENSG00000172115,1.0,48,31
ENSG00000048405,0.0,40,35
ENSG00000156150,0.0,61,38
ENSG00000181016,0.0,35,23
ENSG00000214866,0.0,35,26
ENSG00000183632,0.0,0,0
ENSG00000187189,1.0,64,43
ENSG00000205642,0.0,4,6
ENSG00000101446,0.0,51,31
ENSG00000148408,0.0,52,39
ENSG00000171847,0.0,35,33
ENSG00000176428,0.0,52,41
ENSG00000067704,1.0,48,30
ENSG00000215277,0.0,46,34
ENSG00000187017,0.0,47,37
ENSG00000169783,1.0,56,47
ENSG00000160691,1.0,63,44
ENSG00000171262,1.0,49,36
ENSG00000143870,1.0,49,46
ENSG00000104177,1.0,48,32
ENSG00000133142,1.0,34,31
ENSG00000108883,1.0,51,45
ENSG00000112559,1.0,69,39
ENSG00000111644,0.0,54,39
ENSG00000158516,0.0,47,33
ENSG00000156162,1.0,43,39
ENSG00000162836,1.0,52,39
ENSG00000168826,0.0,59,38
ENSG00000102218,1.0,33,28
ENSG00000103248,1.0,46,44
ENSG00000118308,0.0,42,30
ENSG00000140538,0.0,64,37
ENSG00000236882,0.0,41,39
ENSG00000068354,0.0,40,37
ENSG00000171459,0.0,43,29
ENSG00000183615,0.0,51,33
ENSG00000129988,0.0,49,34
ENSG00000100722,1.0,49,39
ENSG00000125247,1.0,54,49
ENSG00000164951,1.0,50,41
ENSG00000135912,1.0,44,43
ENSG00000127993,1.0,48,42
ENSG00000134283,1.0,46,41
ENSG00000165805,0.0,39,29
ENSG00000180884,1.0,54,41
ENSG00000187713,1.0,56,41
ENSG00000100354,1.0,59,43
ENSG00000198824,1.0,51,40
ENSG00000172534,1.0,58,47
ENSG00000187801,1.0,49,37
ENSG00000180228,1.0,47,40
ENSG00000158125,0.0,38,40
ENSG00000143171,0.0,58,41
ENSG00000165506,1.0,60,42
ENSG00000115457,1.0,61,46
ENSG00000174527,0.0,36,28
ENSG00000183128,0.0,45,37
ENSG00000175352,0.0,54,43
ENSG00000258083,0.0,24,26
ENSG00000188981,0.0,49,34
ENSG00000015479,1.0,53,43
ENSG00000161281,0.0,42,41
ENSG00000115825,1.0,40,35
ENSG00000258315,1.0,63,42
ENSG00000173572,0.0,37,31
ENSG00000076685,1.0,52,42
ENSG00000113249,0.0,38,29
ENSG00000108666,1.0,49,40
ENSG00000175746,0.0,41,27
ENSG00000240849,1.0,51,47
ENSG00000102048,0.0,24,24
ENSG00000198093,1.0,49,42
ENSG00000069020,0.0,53,46
ENSG00000137817,1.0,46,34
ENSG00000170561,1.0,56,43
ENSG00000171819,0.0,52,37
ENSG00000075035,0.0,57,42
ENSG00000179071,0.0,39,28
ENSG00000138660,1.0,46,38
ENSG00000047056,1.0,48,49
ENSG00000204539,0.0,39,24
ENSG00000188157,1.0,56,35
ENSG00000101470,0.0,46,38
ENSG00000203837,0.0,38,29
ENSG00000095059,1.0,55,31
ENSG00000227392,0.0,49,37
ENSG00000152990,1.0,56,47
ENSG00000130518,0.0,47,32
ENSG00000138944,1.0,45,34
ENSG00000213413,0.0,32,32
ENSG00000005882,0.0,57,47
ENSG00000204764,0.0,51,45
ENSG00000067992,1.0,37,33
ENSG00000011243,1.0,59,41
ENSG00000144642,0.0,42,43
ENSG00000189058,0.0,46,31
ENSG00000113263,0.0,44,28
ENSG00000163125,1.0,53,50
ENSG00000154269,0.0,37,27
ENSG00000144847,0.0,32,40
ENSG00000140199,0.0,40,26
ENSG00000168488,1.0,60,40
ENSG00000130695,1.0,51,37
ENSG00000204363,0.0,30,19
ENSG00000100632,1.0,56,46
ENSG00000239605,0.0,36,31
ENSG00000198077,0.0,38,28
ENSG00000171793,1.0,54,45
ENSG00000070614,1.0,57,35
ENSG00000186567,0.0,40,33
ENSG00000143452,0.0,38,23
ENSG00000154016,0.0,0,0
ENSG00000182898,0.0,49,37
ENSG00000162396,1.0,55,40
ENSG00000204978,0.0,32,33
ENSG00000127184,1.0,50,36
ENSG00000125821,1.0,48,39
ENSG00000100626,0.0,54,51
ENSG00000054598,0.0,62,47
ENSG00000233436,0.0,42,37
ENSG00000173418,1.0,52,38
ENSG00000198286,1.0,52,39
ENSG00000218823,0.0,47,40
ENSG00000090104,0.0,30,21
ENSG00000136110,1.0,51,39
ENSG00000175387,1.0,61,43
ENSG00000129873,0.0,2,1
ENSG00000137200,1.0,51,40
ENSG00000125656,1.0,51,39
ENSG00000197256,1.0,45,35
ENSG00000167360,0.0,42,30
ENSG00000196943,1.0,53,46
ENSG00000105954,0.0,35,25
ENSG00000198860,1.0,42,31
ENSG00000145721,0.0,54,38
ENSG00000168040,1.0,52,45
ENSG00000172717,0.0,40,35
ENSG00000256040,0.0,44,29
ENSG00000119689,1.0,60,43
ENSG00000187005,0.0,39,30
ENSG00000168522,1.0,44,42
ENSG00000135108,1.0,50,39
ENSG00000129744,0.0,46,38
ENSG00000104435,0.0,50,40
ENSG00000086712,1.0,44,41
ENSG00000154639,1.0,52,45
ENSG00000185052,0.0,57,45
ENSG00000099783,1.0,59,41
ENSG00000146054,0.0,57,47
ENSG00000089154,1.0,60,38
ENSG00000167550,1.0,41,40
ENSG00000167755,0.0,46,37
ENSG00000127838,1.0,56,40
ENSG00000106823,0.0,33,23
ENSG00000140093,0.0,48,39
ENSG00000144026,0.0,50,45
ENSG00000106078,0.0,53,43
ENSG00000132825,0.0,51,41
ENSG00000212933,0.0,43,32
ENSG00000204977,1.0,55,46
ENSG00000135824,0.0,50,43
ENSG00000144771,0.0,47,30
ENSG00000100605,1.0,57,44
ENSG00000213588,1.0,58,41
ENSG00000171612,1.0,50,39
ENSG00000214357,1.0,57,45
ENSG00000153485,1.0,54,40
ENSG00000177272,0.0,45,46
ENSG00000091482,0.0,31,21
ENSG00000257017,0.0,24,22
ENSG00000129003,0.0,45,39
ENSG00000112701,1.0,50,46
ENSG00000172803,0.0,46,39
ENSG00000072422,1.0,47,42
ENSG00000135749,1.0,48,45
ENSG00000096063,1.0,50,45
ENSG00000097046,1.0,44,44
ENSG00000186432,1.0,63,39
ENSG00000143442,1.0,56,39
ENSG00000163380,0.0,37,23
ENSG00000160951,0.0,44,45
ENSG00000100294,1.0,52,39
ENSG00000112667,1.0,46,39
ENSG00000124374,1.0,44,42
ENSG00000170454,0.0,52,30
ENSG00000135903,0.0,52,45
ENSG00000226600,0.0,0,0
ENSG00000151090,0.0,51,39
ENSG00000178645,0.0,50,34
ENSG00000149269,1.0,47,47
ENSG00000152443,1.0,57,42
ENSG00000070388,0.0,48,38
ENSG00000146083,1.0,64,41
ENSG00000120662,1.0,50,39
ENSG00000105355,1.0,45,39
ENSG00000132823,1.0,47,50
ENSG00000149150,1.0,50,40
ENSG00000075461,1.0,56,43
ENSG00000165996,1.0,42,34
ENSG00000135317,1.0,49,42
ENSG00000178171,0.0,54,40
ENSG00000115255,0.0,51,32
ENSG00000185246,1.0,57,37
ENSG00000204414,0.0,35,25
ENSG00000163823,0.0,54,45
ENSG00000198517,1.0,58,42
ENSG00000167916,0.0,43,28
ENSG00000186207,0.0,43,25
ENSG00000147003,0.0,34,28
ENSG00000078747,1.0,57,41
ENSG00000166025,1.0,62,46
ENSG00000088827,0.0,54,35
ENSG00000172053,1.0,55,37
ENSG00000162946,0.0,57,36
ENSG00000092445,1.0,59,41
ENSG00000181035,0.0,49,43
ENSG00000157884,0.0,47,36
ENSG00000125257,1.0,56,38
ENSG00000160471,0.0,60,39
ENSG00000126214,1.0,52,43
ENSG00000157637,1.0,53,41
ENSG00000228567,0.0,46,32
ENSG00000164796,0.0,58,48
ENSG00000118007,1.0,52,42
ENSG00000076382,1.0,47,43
ENSG00000168016,0.0,50,46
ENSG00000131473,1.0,60,42
ENSG00000178694,0.0,52,40
ENSG00000069956,1.0,57,38
ENSG00000116711,0.0,29,27
ENSG00000156256,1.0,44,28
ENSG00000011198,1.0,49,40
ENSG00000164741,1.0,44,29
ENSG00000146955,0.0,44,38
ENSG00000109062,1.0,59,45
ENSG00000143106,1.0,61,39
ENSG00000164776,0.0,49,32
ENSG00000100890,1.0,48,46
ENSG00000214324,0.0,47,29
ENSG00000127666,0.0,42,40
ENSG00000255181,0.0,45,34
ENSG00000185272,0.0,36,25
ENSG00000171552,1.0,51,49
ENSG00000163166,1.0,57,43
ENSG00000101901,1.0,40,36
ENSG00000134532,0.0,49,47
ENSG00000182870,0.0,46,39
ENSG00000168374,1.0,62,45
ENSG00000113068,1.0,45,42
ENSG00000203808,0.0,42,36
ENSG00000157933,1.0,56,45
ENSG00000102245,0.0,35,19
ENSG00000070718,1.0,55,38
ENSG00000243811,1.0,49,43
ENSG00000010219,0.0,48,42
ENSG00000091262,0.0,10,8
ENSG00000165970,0.0,46,47
ENSG00000117632,1.0,55,51
ENSG00000197183,0.0,58,41
ENSG00000138039,0.0,55,38
ENSG00000105879,1.0,49,43
ENSG00000123124,1.0,54,43
ENSG00000100105,1.0,66,43
ENSG00000133131,0.0,44,27
ENSG00000121634,0.0,51,35
ENSG00000065883,1.0,63,43
ENSG00000157514,1.0,51,39
ENSG00000075415,1.0,52,42
ENSG00000163331,0.0,41,37
ENSG00000138175,1.0,54,42
ENSG00000113525,0.0,50,33
ENSG00000251349,1.0,38,30
ENSG00000025770,1.0,45,41
ENSG00000007545,1.0,51,39
ENSG00000136305,0.0,57,40
ENSG00000137261,0.0,35,34
ENSG00000165511,0.0,54,40
ENSG00000136541,0.0,46,30
ENSG00000196391,0.0,43,37
ENSG00000097007,1.0,52,48
ENSG00000143816,0.0,53,43
ENSG00000162761,0.0,56,45
ENSG00000112584,1.0,58,42
ENSG00000204967,1.0,44,42
ENSG00000095380,1.0,51,39
ENSG00000105509,0.0,49,38
ENSG00000132541,1.0,56,37
ENSG00000234776,0.0,51,35
ENSG00000091409,1.0,51,46
ENSG00000145901,1.0,47,37
ENSG00000214819,0.0,22,16
ENSG00000115760,1.0,54,40
ENSG00000204887,0.0,34,23
ENSG00000173486,1.0,57,42
ENSG00000101079,1.0,49,33
ENSG00000053372,1.0,50,48
ENSG00000143028,0.0,50,43
ENSG00000008513,1.0,63,41
ENSG00000197921,0.0,49,39
ENSG00000080819,1.0,55,42
ENSG00000197603,0.0,43,31
ENSG00000205220,1.0,53,44
ENSG00000164929,0.0,53,39
ENSG00000172421,0.0,38,35
ENSG00000204612,0.0,54,48
ENSG00000130477,1.0,64,39
ENSG00000185418,1.0,53,43
ENSG00000187833,0.0,13,18
ENSG00000145423,1.0,57,47
ENSG00000140263,1.0,45,41
ENSG00000101335,1.0,44,49
ENSG00000105662,0.0,55,31
ENSG00000131142,0.0,41,34
ENSG00000184922,0.0,57,46
ENSG00000119401,1.0,46,43
ENSG00000196792,1.0,55,42
ENSG00000173436,1.0,61,40
ENSG00000116138,1.0,46,44
ENSG00000178473,0.0,48,32
ENSG00000123689,0.0,51,46
ENSG00000137819,0.0,52,39
ENSG00000198574,0.0,43,31
ENSG00000235780,0.0,2,2
ENSG00000185742,0.0,48,35
ENSG00000135083,1.0,52,44
ENSG00000126067,1.0,45,39
ENSG00000019995,1.0,39,33
ENSG00000120156,1.0,55,34
ENSG00000152804,0.0,44,49
ENSG00000105204,1.0,53,38
ENSG00000065060,1.0,46,40
ENSG00000204479,0.0,0,0
ENSG00000137965,0.0,33,27
ENSG00000186838,0.0,60,35
ENSG00000145936,0.0,51,38
ENSG00000188690,1.0,56,45
ENSG00000168438,1.0,52,43
ENSG00000105669,1.0,51,40
ENSG00000169372,0.0,48,45
ENSG00000178502,0.0,50,39
ENSG00000132631,0.0,52,41
ENSG00000175745,0.0,50,39
ENSG00000052126,1.0,45,43
ENSG00000204217,1.0,65,44
ENSG00000179222,1.0,51,41
ENSG00000102858,1.0,53,39
ENSG00000176170,0.0,54,44
ENSG00000183463,0.0,40,36
ENSG00000103222,1.0,52,45
ENSG00000087448,1.0,52,39
ENSG00000185420,0.0,46,39
ENSG00000121064,1.0,43,30
ENSG00000189308,1.0,63,39
ENSG00000180938,0.0,42,33
ENSG00000154582,1.0,59,37
ENSG00000147081,0.0,30,22
ENSG00000122484,1.0,40,34
ENSG00000105447,1.0,55,42
ENSG00000146872,1.0,49,40
ENSG00000163877,1.0,50,34
ENSG00000169750,1.0,57,43
ENSG00000080839,1.0,53,44
ENSG00000171180,0.0,32,35
ENSG00000151413,0.0,46,33
ENSG00000169474,0.0,40,41
ENSG00000165475,0.0,51,39
ENSG00000255622,0.0,32,27
ENSG00000133997,1.0,48,44
ENSG00000165304,1.0,59,43
ENSG00000186891,0.0,43,34
ENSG00000114904,1.0,51,40
ENSG00000165059,0.0,42,33
ENSG00000015153,0.0,45,39
ENSG00000169914,1.0,54,40
ENSG00000133943,0.0,51,43
ENSG00000121871,0.0,51,45
ENSG00000165370,0.0,43,39
ENSG00000157060,0.0,35,23
ENSG00000162923,1.0,51,41
ENSG00000011021,1.0,57,45
ENSG00000243284,0.0,53,40
ENSG00000164451,0.0,40,28
ENSG00000072310,1.0,49,43
ENSG00000152672,0.0,48,32
ENSG00000213366,0.0,39,40
ENSG00000117614,1.0,40,31
ENSG00000198331,1.0,41,32
ENSG00000170054,0.0,50,38
ENSG00000100012,0.0,49,38
ENSG00000164989,0.0,41,34
ENSG00000173702,0.0,38,36
ENSG00000160789,1.0,55,41
ENSG00000128585,1.0,45,43
ENSG00000176244,0.0,45,29
ENSG00000168056,0.0,51,39
ENSG00000150433,0.0,46,42
ENSG00000181499,0.0,47,38
ENSG00000172995,0.0,38,32
ENSG00000179168,0.0,58,47
ENSG00000139780,0.0,42,27
ENSG00000164168,1.0,37,35
ENSG00000203963,0.0,43,31
ENSG00000172062,1.0,3,5
ENSG00000134769,1.0,43,34
ENSG00000127954,0.0,44,37
ENSG00000188706,1.0,40,40
ENSG00000182315,0.0,10,3
ENSG00000010803,1.0,38,43
ENSG00000138018,1.0,46,43
ENSG00000148737,1.0,59,47
ENSG00000105171,1.0,49,35
ENSG00000143337,1.0,47,32
ENSG00000226174,0.0,49,38
ENSG00000136155,0.0,41,37
ENSG00000173610,0.0,32,17
ENSG00000145819,0.0,50,45
ENSG00000122386,1.0,51,42
ENSG00000138722,0.0,33,21
ENSG00000176236,0.0,52,42
ENSG00000215704,0.0,47,31
ENSG00000171241,1.0,50,30
ENSG00000182698,0.0,51,47
ENSG00000157191,1.0,49,37
ENSG00000084636,0.0,58,43
ENSG00000185304,0.0,17,18
ENSG00000128268,0.0,62,44
ENSG00000184226,0.0,61,39
ENSG00000075239,1.0,55,40
ENSG00000159592,1.0,53,42
ENSG00000146834,1.0,57,44
ENSG00000198791,1.0,39,45
ENSG00000187951,1.0,32,22
ENSG00000130158,1.0,48,40
ENSG00000120137,1.0,57,42
ENSG00000185792,0.0,27,22
ENSG00000153789,0.0,45,37
ENSG00000239887,1.0,58,41
ENSG00000151422,1.0,46,39
ENSG00000144406,0.0,41,35
ENSG00000153310,1.0,44,43
ENSG00000183340,0.0,43,36
ENSG00000101843,1.0,39,35
ENSG00000069122,0.0,49,33
ENSG00000106327,0.0,40,38
ENSG00000256671,0.0,0,0
ENSG00000149295,0.0,51,43
ENSG00000251369,0.0,54,38
ENSG00000167670,1.0,50,38
ENSG00000156009,0.0,26,22
ENSG00000101695,1.0,54,39
ENSG00000248801,0.0,49,36
ENSG00000120903,0.0,53,36
ENSG00000196832,0.0,37,38
ENSG00000187672,0.0,51,42
ENSG00000134996,1.0,60,43
ENSG00000103507,1.0,59,42
ENSG00000198685,0.0,40,32
ENSG00000106404,0.0,43,31
ENSG00000138050,1.0,49,39
ENSG00000104213,0.0,54,45
ENSG00000213965,1.0,44,38
ENSG00000143878,1.0,57,43
ENSG00000132010,0.0,47,39
ENSG00000091010,0.0,56,45
ENSG00000050748,1.0,51,43
ENSG00000106070,1.0,55,38
ENSG00000230989,1.0,51,44
ENSG00000153046,1.0,55,52
ENSG00000173267,0.0,41,36
ENSG00000183066,0.0,45,37
ENSG00000188783,0.0,51,35
ENSG00000234444,0.0,51,38
ENSG00000107521,1.0,55,40
ENSG00000125954,1.0,50,33
ENSG00000123405,0.0,44,36
ENSG00000154589,0.0,43,34
ENSG00000106034,0.0,43,40
ENSG00000143178,0.0,36,33
ENSG00000196260,0.0,53,42
ENSG00000141469,0.0,53,36
ENSG00000181617,0.0,32,19
ENSG00000099338,0.0,44,42
ENSG00000162437,1.0,48,34
ENSG00000131351,1.0,51,45
ENSG00000116580,1.0,55,35
ENSG00000144031,0.0,53,42
ENSG00000169432,0.0,39,34
ENSG00000120471,0.0,49,42
ENSG00000150873,0.0,51,37
ENSG00000197386,1.0,52,38
ENSG00000197111,1.0,55,39
ENSG00000156467,1.0,40,43
ENSG00000204397,0.0,39,34
ENSG00000160345,1.0,48,46
ENSG00000143851,0.0,47,41
ENSG00000111049,0.0,40,40
ENSG00000175826,1.0,57,42
ENSG00000147099,0.0,40,25
ENSG00000187191,0.0,0,0
ENSG00000149452,0.0,50,41
ENSG00000176571,0.0,34,35
ENSG00000137171,1.0,58,42
ENSG00000134001,1.0,60,49
ENSG00000127124,0.0,55,42
ENSG00000203782,0.0,58,36
ENSG00000154478,0.0,53,39
ENSG00000134901,1.0,50,43
ENSG00000110719,0.0,49,48
ENSG00000131269,1.0,40,31
ENSG00000170946,0.0,38,37
ENSG00000114395,1.0,52,42
ENSG00000198711,0.0,49,38
ENSG00000169313,0.0,42,30
ENSG00000105383,0.0,33,32
ENSG00000187959,0.0,47,43
ENSG00000100997,1.0,43,40
ENSG00000117091,0.0,50,38
ENSG00000037757,1.0,54,36
ENSG00000179407,0.0,50,47
ENSG00000214050,1.0,42,34
ENSG00000132603,1.0,55,45
ENSG00000168634,0.0,48,35
ENSG00000188848,1.0,54,42
ENSG00000184956,0.0,47,33
ENSG00000128310,0.0,49,38
ENSG00000133121,0.0,46,35
ENSG00000160062,1.0,50,42
ENSG00000204681,1.0,60,36
ENSG00000165379,1.0,53,51
ENSG00000198788,0.0,39,29
ENSG00000129515,1.0,47,39
ENSG00000189045,0.0,53,35
ENSG00000013392,0.0,50,40
ENSG00000123358,0.0,51,38
ENSG00000160401,0.0,55,39
ENSG00000165185,1.0,46,49
ENSG00000198730,1.0,55,35
ENSG00000161594,0.0,42,40
ENSG00000204859,1.0,55,42
ENSG00000169035,0.0,52,32
ENSG00000101052,1.0,45,35
ENSG00000003436,0.0,35,32
ENSG00000158571,0.0,23,28
ENSG00000139636,0.0,53,42
ENSG00000181963,0.0,40,30
ENSG00000067248,1.0,52,49
ENSG00000090382,0.0,28,28
ENSG00000151092,1.0,59,40
ENSG00000127603,1.0,55,42
ENSG00000171124,0.0,46,35
ENSG00000108417,0.0,49,34
ENSG00000168268,1.0,59,44
ENSG00000186777,1.0,41,33
ENSG00000185989,1.0,50,41
ENSG00000164877,0.0,51,35
ENSG00000007372,0.0,58,46
ENSG00000186635,1.0,50,41
ENSG00000140350,1.0,61,47
ENSG00000105369,0.0,52,28
ENSG00000198722,1.0,50,38
ENSG00000100453,0.0,46,28
ENSG00000159593,1.0,50,47
ENSG00000116670,1.0,47,43
ENSG00000177689,0.0,25,19
ENSG00000130332,1.0,54,43
ENSG00000147145,1.0,34,37
ENSG00000188747,0.0,47,38
ENSG00000198648,1.0,56,40
ENSG00000114405,1.0,46,32
ENSG00000096872,1.0,48,39
ENSG00000178568,0.0,44,44
ENSG00000138606,1.0,53,45
ENSG00000126264,0.0,56,37
ENSG00000204688,0.0,43,32
ENSG00000110315,1.0,41,34
ENSG00000176390,1.0,42,44
ENSG00000168955,0.0,47,35
ENSG00000102879,1.0,59,34
ENSG00000129757,0.0,58,41
ENSG00000170396,0.0,39,42
ENSG00000162944,0.0,48,39
ENSG00000197153,0.0,51,43
ENSG00000105643,0.0,45,36
ENSG00000132465,0.0,20,15
ENSG00000197415,0.0,43,36
ENSG00000113845,1.0,48,48
ENSG00000100319,0.0,51,38
ENSG00000197322,0.0,56,49
ENSG00000126016,0.0,43,37
ENSG00000187678,1.0,59,53
ENSG00000163159,1.0,49,41
ENSG00000100156,0.0,54,42
ENSG00000074590,1.0,61,43
ENSG00000138376,1.0,54,38
ENSG00000091947,1.0,53,36
ENSG00000083454,0.0,44,36
ENSG00000166557,1.0,56,42
ENSG00000167778,1.0,51,41
ENSG00000080561,0.0,42,36
ENSG00000139626,0.0,41,35
ENSG00000063046,1.0,65,46
ENSG00000154007,0.0,35,22
ENSG00000160877,1.0,58,42
ENSG00000137962,1.0,47,42
ENSG00000070010,1.0,52,45
ENSG00000186458,0.0,46,35
ENSG00000175564,0.0,48,48
ENSG00000139797,0.0,49,40
ENSG00000186562,0.0,5,5
ENSG00000165629,1.0,53,44
ENSG00000152467,0.0,50,37
ENSG00000109339,0.0,44,30
ENSG00000085491,1.0,53,40
ENSG00000170153,0.0,50,45
ENSG00000071626,1.0,49,42
ENSG00000172167,0.0,50,43
ENSG00000127364,0.0,38,36
ENSG00000170545,1.0,45,42
ENSG00000239382,1.0,51,42
ENSG00000134339,0.0,34,19
ENSG00000104419,0.0,52,43
ENSG00000170873,0.0,57,41
ENSG00000163083,0.0,54,36
ENSG00000013619,0.0,54,50
ENSG00000136819,1.0,49,39
ENSG00000106992,1.0,50,43
ENSG00000139187,0.0,37,20
ENSG00000167874,0.0,62,42
ENSG00000221874,1.0,55,38
ENSG00000182450,0.0,51,39
ENSG00000153936,1.0,47,44
ENSG00000149532,1.0,50,44
ENSG00000114942,1.0,51,48
ENSG00000215193,1.0,47,52
ENSG00000182676,0.0,43,44
ENSG00000145555,1.0,56,48
ENSG00000141026,1.0,45,38
ENSG00000167083,0.0,50,42
ENSG00000173706,1.0,59,46
ENSG00000182931,0.0,50,37
ENSG00000066455,1.0,49,35
ENSG00000166793,0.0,60,44
ENSG00000161911,0.0,44,39
ENSG00000215183,0.0,51,40
ENSG00000004939,0.0,42,37
ENSG00000114316,1.0,44,41
ENSG00000128815,0.0,41,31
ENSG00000135870,1.0,34,28
ENSG00000198586,1.0,42,29
ENSG00000157322,0.0,15,5
ENSG00000137648,0.0,51,43
ENSG00000215454,0.0,36,41
ENSG00000080608,1.0,54,40
ENSG00000189233,0.0,37,31
ENSG00000106588,1.0,63,44
ENSG00000100147,1.0,51,44
ENSG00000168806,1.0,56,42
ENSG00000169612,1.0,45,42
ENSG00000242114,1.0,51,45
ENSG00000130159,1.0,46,38
ENSG00000120937,1.0,44,43
ENSG00000171865,1.0,54,43
ENSG00000206075,0.0,51,38
ENSG00000134371,1.0,44,45
ENSG00000164850,0.0,50,43
ENSG00000152102,1.0,49,38
ENSG00000185905,0.0,44,35
ENSG00000008226,0.0,49,42
ENSG00000118004,0.0,43,38
ENSG00000145414,1.0,44,39
ENSG00000184708,1.0,53,43
ENSG00000166847,1.0,42,43
ENSG00000182318,0.0,51,44
ENSG00000164308,0.0,43,32
ENSG00000180875,0.0,54,43
ENSG00000205221,0.0,44,33
ENSG00000146243,1.0,42,40
ENSG00000130513,0.0,58,40
ENSG00000128274,1.0,51,42
ENSG00000108091,1.0,56,47
ENSG00000116017,1.0,54,39
ENSG00000206559,0.0,38,32
ENSG00000119906,1.0,46,42
ENSG00000145451,0.0,32,21
ENSG00000198001,0.0,46,37
ENSG00000075945,0.0,26,30
ENSG00000128563,1.0,46,39
ENSG00000088992,0.0,55,43
ENSG00000138698,1.0,50,41
ENSG00000089775,0.0,46,43
ENSG00000142453,1.0,50,35
ENSG00000136463,1.0,43,41
ENSG00000123268,1.0,56,44
ENSG00000102984,1.0,53,39
ENSG00000065989,0.0,49,48
ENSG00000165271,1.0,52,36
ENSG00000121274,1.0,54,42
ENSG00000224051,1.0,54,45
ENSG00000128000,0.0,49,40
ENSG00000136696,0.0,51,29
ENSG00000118322,0.0,41,27
ENSG00000140688,1.0,58,40
ENSG00000074219,1.0,48,44
ENSG00000110768,1.0,48,49
ENSG00000171509,0.0,35,31
ENSG00000113369,0.0,59,44
ENSG00000032219,1.0,43,46
ENSG00000109794,0.0,48,42
ENSG00000120925,0.0,46,50
ENSG00000144426,1.0,41,36
ENSG00000236499,0.0,43,30
ENSG00000102786,1.0,53,38
ENSG00000156050,0.0,43,38
ENSG00000102977,1.0,62,38
ENSG00000198610,0.0,39,33
ENSG00000175868,0.0,52,47
ENSG00000015592,0.0,39,29
ENSG00000152242,1.0,50,48
ENSG00000091664,0.0,44,30
ENSG00000196510,1.0,55,43
ENSG00000026652,1.0,54,45
ENSG00000183023,0.0,29,29
ENSG00000184500,0.0,36,31
ENSG00000110090,1.0,56,48
ENSG00000100461,1.0,52,41
ENSG00000095383,1.0,62,47
ENSG00000119865,0.0,51,41
ENSG00000156206,0.0,38,34
ENSG00000116991,1.0,50,39
ENSG00000169604,1.0,46,36
ENSG00000104886,1.0,55,51
ENSG00000141295,1.0,53,41
ENSG00000054219,0.0,57,47
ENSG00000112115,0.0,37,35
ENSG00000042062,0.0,47,36
ENSG00000124120,1.0,55,38
ENSG00000174943,1.0,45,39
ENSG00000104133,1.0,39,38
ENSG00000121361,0.0,38,31
ENSG00000105246,0.0,46,31
ENSG00000108684,0.0,54,48
ENSG00000068885,1.0,42,44
ENSG00000124575,0.0,54,39
ENSG00000198040,1.0,50,42
ENSG00000242612,1.0,42,41
ENSG00000169214,0.0,39,32
ENSG00000006611,0.0,52,40
ENSG00000186081,0.0,49,44
ENSG00000157193,1.0,67,44
ENSG00000110876,0.0,49,35
ENSG00000133226,1.0,53,44
ENSG00000172748,0.0,33,28
ENSG00000100139,1.0,58,41
ENSG00000133101,0.0,52,38
ENSG00000122481,1.0,49,37
ENSG00000071203,0.0,30,18
ENSG00000121741,1.0,54,41
ENSG00000167615,1.0,60,47
ENSG00000163872,1.0,59,43
ENSG00000126091,0.0,52,45
ENSG00000163710,1.0,55,37
ENSG00000132570,0.0,53,39
ENSG00000239998,0.0,35,26
ENSG00000184634,1.0,53,42
ENSG00000100567,1.0,59,38
ENSG00000121417,1.0,47,39
ENSG00000163599,0.0,50,38
ENSG00000108100,1.0,50,46
ENSG00000179431,1.0,54,43
ENSG00000081800,0.0,44,30
ENSG00000184058,0.0,58,42
ENSG00000124812,0.0,23,21
ENSG00000119139,1.0,46,34
ENSG00000181666,1.0,58,37
ENSG00000124233,0.0,47,40
ENSG00000185821,0.0,23,11
ENSG00000163209,0.0,40,40
ENSG00000145740,1.0,49,41
ENSG00000180667,1.0,50,45
ENSG00000182220,1.0,37,35
ENSG00000147274,1.0,41,36
ENSG00000110917,1.0,63,43
ENSG00000197953,0.0,40,26
ENSG00000163157,0.0,43,36
ENSG00000107643,1.0,51,37
ENSG00000131097,0.0,44,30
ENSG00000140463,1.0,51,37
ENSG00000134758,1.0,58,46
ENSG00000087302,1.0,49,35
ENSG00000095970,0.0,52,42
ENSG00000114487,0.0,45,37
ENSG00000139826,1.0,47,40
ENSG00000229833,1.0,48,45
ENSG00000173744,1.0,49,41
ENSG00000075290,0.0,41,31
ENSG00000230522,0.0,9,3
ENSG00000142789,0.0,37,35
ENSG00000170903,1.0,47,37
ENSG00000198925,1.0,53,36
ENSG00000105711,0.0,55,37
ENSG00000172789,0.0,52,42
ENSG00000146216,0.0,53,37
ENSG00000168876,1.0,46,38
ENSG00000180481,0.0,31,32
ENSG00000239732,0.0,47,43
ENSG00000164176,1.0,49,46
ENSG00000169641,1.0,54,43
ENSG00000153827,1.0,52,48
ENSG00000183527,1.0,53,38
ENSG00000139263,1.0,51,46
ENSG00000188452,0.0,43,40
ENSG00000136319,0.0,50,32
ENSG00000064300,0.0,59,43
ENSG00000204175,0.0,57,44
ENSG00000100347,1.0,39,44
ENSG00000102967,1.0,45,44
ENSG00000007264,0.0,45,29
ENSG00000128739,1.0,45,35
ENSG00000137142,1.0,56,43
ENSG00000187266,0.0,44,38
ENSG00000115266,0.0,47,35
ENSG00000174586,0.0,50,38
ENSG00000090975,1.0,53,39
ENSG00000176597,0.0,59,42
ENSG00000135469,1.0,44,41
ENSG00000141519,0.0,50,41
ENSG00000122490,0.0,62,41
ENSG00000124743,0.0,45,34
ENSG00000118898,1.0,48,44
ENSG00000110218,1.0,58,47
ENSG00000139656,0.0,51,40
ENSG00000155980,0.0,60,42
ENSG00000105821,1.0,51,35
ENSG00000124134,0.0,50,44
ENSG00000031823,1.0,53,46
ENSG00000143179,1.0,53,45
ENSG00000164898,1.0,50,45
ENSG00000141499,1.0,57,47
ENSG00000156026,1.0,47,42
ENSG00000149527,0.0,47,43
ENSG00000162817,0.0,57,34
ENSG00000170634,0.0,44,43
ENSG00000154114,1.0,53,38
ENSG00000231256,0.0,50,36
ENSG00000106113,0.0,48,40
ENSG00000137494,0.0,62,42
ENSG00000082126,0.0,47,36
ENSG00000178802,1.0,51,37
ENSG00000187867,1.0,61,34
ENSG00000082213,1.0,48,47
ENSG00000089177,1.0,48,42
ENSG00000179388,0.0,51,46
ENSG00000084072,1.0,57,38
ENSG00000126267,1.0,42,41
ENSG00000187527,0.0,44,35
ENSG00000160949,1.0,49,39
ENSG00000013725,0.0,45,40
ENSG00000131721,0.0,1,2
ENSG00000107798,1.0,44,45
ENSG00000067445,1.0,45,30
ENSG00000089597,1.0,49,39
ENSG00000115665,0.0,40,29
ENSG00000135437,0.0,52,38
ENSG00000221859,0.0,48,32
ENSG00000245680,0.0,43,29
ENSG00000221890,0.0,52,44
ENSG00000143514,1.0,53,42
ENSG00000176049,1.0,34,31
ENSG00000137145,0.0,51,43
ENSG00000079332,1.0,57,39
ENSG00000096384,1.0,59,46
ENSG00000185448,0.0,25,16
ENSG00000105063,1.0,58,50
ENSG00000129991,0.0,46,36
ENSG00000181007,1.0,43,41
ENSG00000214756,0.0,55,43
ENSG00000088179,1.0,52,48
ENSG00000144455,0.0,30,41
ENSG00000204290,0.0,44,36
ENSG00000034693,1.0,43,41
ENSG00000163449,0.0,55,42
ENSG00000204370,1.0,47,50
ENSG00000196670,1.0,42,40
ENSG00000171611,0.0,41,32
ENSG00000127452,1.0,42,32
ENSG00000224383,0.0,46,38
ENSG00000166471,1.0,53,43
ENSG00000079689,0.0,44,34
ENSG00000198680,1.0,37,31
ENSG00000237765,1.0,49,46
ENSG00000179055,0.0,36,31
ENSG00000203721,0.0,44,40
ENSG00000138459,1.0,47,40
ENSG00000186010,1.0,52,40
ENSG00000131495,1.0,55,36
ENSG00000092978,1.0,36,30
ENSG00000058729,1.0,51,37
ENSG00000172016,0.0,51,37
ENSG00000143776,1.0,50,43
ENSG00000204193,0.0,40,27
ENSG00000122884,1.0,53,40
ENSG00000169252,0.0,54,40
ENSG00000167182,1.0,54,46
ENSG00000158113,0.0,45,41
ENSG00000159763,0.0,43,34
ENSG00000105989,0.0,52,41
ENSG00000167791,0.0,53,34
ENSG00000101181,1.0,47,36
ENSG00000080823,0.0,43,30
ENSG00000100276,0.0,49,44
ENSG00000174032,0.0,49,33
ENSG00000165879,0.0,52,43
ENSG00000176787,0.0,29,20
ENSG00000130592,0.0,45,36
ENSG00000176533,0.0,46,44
ENSG00000204174,0.0,62,46
ENSG00000181472,1.0,54,49
ENSG00000111237,1.0,46,37
ENSG00000042429,1.0,51,47
ENSG00000163322,1.0,51,40
ENSG00000170231,0.0,51,38
ENSG00000079387,1.0,50,43
ENSG00000128731,1.0,24,11
ENSG00000174226,0.0,41,42
ENSG00000198336,0.0,52,41
ENSG00000180801,0.0,49,42
ENSG00000185722,1.0,46,48
ENSG00000078596,1.0,35,36
ENSG00000164292,1.0,61,44
ENSG00000156136,1.0,64,41
ENSG00000239672,1.0,50,44
ENSG00000138083,0.0,54,52
ENSG00000088205,1.0,51,41
ENSG00000126353,1.0,53,35
ENSG00000182359,0.0,55,44
ENSG00000105996,0.0,57,41
ENSG00000091972,1.0,55,38
ENSG00000238269,0.0,14,13
ENSG00000111783,0.0,60,47
ENSG00000125454,1.0,50,41
ENSG00000104044,0.0,62,38
ENSG00000170745,1.0,58,42
ENSG00000111843,1.0,50,47
ENSG00000135916,1.0,60,45
ENSG00000170486,0.0,51,38
ENSG00000032742,0.0,39,36
ENSG00000152894,1.0,44,39
ENSG00000181634,0.0,49,36
ENSG00000142186,1.0,49,42
ENSG00000070182,0.0,52,49
ENSG00000173113,1.0,50,43
ENSG00000186439,1.0,36,26
ENSG00000140365,1.0,41,31
ENSG00000136636,1.0,46,41
ENSG00000235098,0.0,47,42
ENSG00000100027,0.0,42,39
ENSG00000072694,0.0,4,5
ENSG00000090989,1.0,43,45
ENSG00000214954,0.0,31,25
ENSG00000105538,0.0,59,41
ENSG00000100122,1.0,50,38
ENSG00000134516,0.0,52,42
ENSG00000111863,0.0,51,40
ENSG00000181396,1.0,46,33
ENSG00000142530,0.0,54,35
ENSG00000115446,1.0,62,44
ENSG00000258289,1.0,50,33
ENSG00000114638,0.0,53,30
ENSG00000141052,0.0,59,40
ENSG00000164825,0.0,49,40
ENSG00000116745,0.0,43,40
ENSG00000073282,0.0,42,29
ENSG00000106809,0.0,23,21
ENSG00000134970,1.0,52,45
ENSG00000141756,1.0,52,45
ENSG00000165280,1.0,60,46
ENSG00000185838,0.0,58,47
ENSG00000157600,1.0,48,38
ENSG00000138760,1.0,56,44
ENSG00000189376,1.0,52,43
ENSG00000089234,1.0,51,40
ENSG00000205339,1.0,45,41
ENSG00000171014,0.0,44,38
ENSG00000138356,0.0,49,37
ENSG00000141965,1.0,49,41
ENSG00000170439,1.0,49,37
ENSG00000165632,1.0,56,40
ENSG00000141699,1.0,46,39
ENSG00000142449,1.0,52,36
ENSG00000175445,0.0,56,38
ENSG00000197776,0.0,44,39
ENSG00000106178,0.0,50,45
ENSG00000079999,1.0,56,32
ENSG00000184304,1.0,52,44
ENSG00000180592,0.0,49,48
ENSG00000179111,0.0,64,42
ENSG00000107872,1.0,55,50
ENSG00000101146,1.0,56,47
ENSG00000185352,0.0,45,45
ENSG00000116329,0.0,56,41
ENSG00000124157,0.0,47,32
ENSG00000137177,1.0,59,38
ENSG00000147536,1.0,52,41
ENSG00000123342,0.0,44,44
ENSG00000148411,0.0,56,39
ENSG00000047644,1.0,56,39
ENSG00000166925,1.0,50,40
ENSG00000158865,0.0,50,39
ENSG00000106400,1.0,61,36
ENSG00000118495,0.0,45,39
ENSG00000151093,0.0,40,47
ENSG00000197721,0.0,48,26
ENSG00000115009,0.0,29,28
ENSG00000164366,1.0,50,39
ENSG00000062370,0.0,43,35
ENSG00000137561,0.0,43,44
ENSG00000173917,0.0,57,41
ENSG00000152527,0.0,43,35
ENSG00000153443,1.0,57,44
ENSG00000189023,0.0,26,21
ENSG00000185155,1.0,64,42
ENSG00000165197,0.0,36,32
ENSG00000110195,0.0,49,34
ENSG00000124818,0.0,38,33
ENSG00000173432,0.0,30,28
ENSG00000100242,1.0,53,44
ENSG00000204952,0.0,41,40
ENSG00000115286,1.0,51,35
ENSG00000180881,0.0,49,31
ENSG00000116688,1.0,57,42
ENSG00000119640,1.0,44,33
ENSG00000106683,1.0,52,43
ENSG00000111707,1.0,50,45
ENSG00000254245,1.0,38,22
ENSG00000185985,0.0,46,42
ENSG00000180846,0.0,44,37
ENSG00000243073,0.0,35,21
ENSG00000182481,1.0,52,45
ENSG00000104856,1.0,45,31
ENSG00000134146,0.0,49,37
ENSG00000166750,0.0,61,36
ENSG00000109881,1.0,60,39
ENSG00000125804,0.0,1,1
ENSG00000100532,1.0,53,39
ENSG00000189037,0.0,34,31
ENSG00000166225,1.0,48,40
ENSG00000114251,0.0,61,47
ENSG00000159377,1.0,52,44
ENSG00000132182,1.0,57,43
ENSG00000125731,1.0,48,45
ENSG00000072201,0.0,59,40
ENSG00000160202,0.0,49,36
ENSG00000159461,1.0,51,42
ENSG00000010278,1.0,53,52
ENSG00000187612,0.0,42,32
ENSG00000062598,1.0,51,41
ENSG00000185674,0.0,38,38
ENSG00000139372,1.0,57,46
ENSG00000121440,1.0,59,40
ENSG00000168828,0.0,45,38
ENSG00000124780,0.0,54,43
ENSG00000101349,0.0,38,35
ENSG00000148498,1.0,61,44
ENSG00000162734,1.0,60,42
ENSG00000152944,1.0,44,47
ENSG00000136504,1.0,53,45
ENSG00000109667,0.0,60,41
ENSG00000114248,0.0,51,36
ENSG00000178074,1.0,52,38
ENSG00000204347,0.0,51,40
ENSG00000205765,1.0,47,41
ENSG00000156052,1.0,56,46
ENSG00000242550,0.0,34,25
ENSG00000145332,0.0,37,29
ENSG00000166734,1.0,55,44
ENSG00000138778,1.0,45,42
ENSG00000178445,1.0,51,42
ENSG00000176046,0.0,35,32
ENSG00000136404,0.0,48,43
ENSG00000183955,1.0,49,38
ENSG00000177479,1.0,44,34
ENSG00000205571,1.0,3,5
ENSG00000204160,1.0,55,41
ENSG00000135902,0.0,43,39
ENSG00000134108,1.0,45,39
ENSG00000159445,0.0,48,44
ENSG00000103316,0.0,52,37
ENSG00000124102,0.0,53,42
ENSG00000132334,0.0,46,42
ENSG00000178573,0.0,55,43
ENSG00000164458,1.0,61,46
ENSG00000033800,1.0,47,38
ENSG00000143498,1.0,49,40
ENSG00000001461,0.0,51,34
ENSG00000166128,1.0,50,47
ENSG00000170276,0.0,51,43
ENSG00000121578,1.0,53,35
ENSG00000120656,1.0,47,44
ENSG00000111142,1.0,53,43
ENSG00000108947,1.0,47,45
ENSG00000081189,0.0,6,4
ENSG00000070031,0.0,44,33
ENSG00000144481,0.0,34,33
ENSG00000186867,0.0,45,39
ENSG00000161677,0.0,44,42
ENSG00000180176,0.0,46,34
ENSG00000148346,0.0,48,40
ENSG00000125124,1.0,45,44
ENSG00000146700,0.0,53,35
ENSG00000015475,1.0,53,46
ENSG00000169885,0.0,43,31
ENSG00000164182,1.0,47,39
ENSG00000139579,1.0,47,37
ENSG00000179134,1.0,56,42
ENSG00000163362,1.0,61,41
ENSG00000103269,0.0,44,38
ENSG00000196431,0.0,48,43
ENSG00000105641,0.0,57,39
ENSG00000177700,1.0,61,44
ENSG00000177354,0.0,52,37
ENSG00000184302,0.0,52,42
ENSG00000141526,0.0,62,47
ENSG00000181649,1.0,54,44
ENSG00000165702,0.0,44,46
ENSG00000111540,1.0,47,35
ENSG00000203783,0.0,51,40
ENSG00000137757,0.0,16,22
ENSG00000107099,0.0,43,41
ENSG00000166855,1.0,48,42
ENSG00000165030,1.0,59,53
ENSG00000110841,1.0,47,41
ENSG00000146166,0.0,38,30
ENSG00000147642,0.0,47,39
ENSG00000178997,0.0,36,43
ENSG00000088727,0.0,52,39
ENSG00000250799,0.0,42,27
ENSG00000167613,0.0,35,26
ENSG00000106537,1.0,47,39
ENSG00000198056,1.0,53,37
ENSG00000141576,0.0,51,38
ENSG00000116161,1.0,57,43
ENSG00000144021,1.0,52,47
ENSG00000172058,1.0,1,0
ENSG00000186160,0.0,29,23
ENSG00000136014,1.0,50,38
ENSG00000134250,1.0,30,29
ENSG00000137807,1.0,53,42
ENSG00000198914,0.0,51,37
ENSG00000163171,1.0,49,45
ENSG00000118733,0.0,28,19
ENSG00000141985,1.0,52,41
ENSG00000128833,1.0,44,33
ENSG00000108231,0.0,49,35
ENSG00000125355,0.0,51,40
ENSG00000126777,1.0,59,39
ENSG00000114125,1.0,52,40
ENSG00000153406,1.0,48,40
ENSG00000033030,1.0,44,42
ENSG00000100280,1.0,55,35
ENSG00000109390,1.0,51,40
ENSG00000175395,0.0,51,31
ENSG00000075234,1.0,51,44
ENSG00000108468,1.0,45,42
ENSG00000028137,0.0,46,43
ENSG00000204852,0.0,43,33
ENSG00000134070,0.0,49,33
ENSG00000137513,1.0,53,43
ENSG00000118160,0.0,49,37
ENSG00000166924,0.0,55,36
ENSG00000180219,0.0,32,28
ENSG00000131323,0.0,56,41
ENSG00000198932,0.0,39,38
ENSG00000126249,1.0,43,37
ENSG00000166343,0.0,41,32
ENSG00000165637,1.0,52,47
ENSG00000075292,1.0,55,33
ENSG00000176095,1.0,54,39
ENSG00000005059,1.0,48,43
ENSG00000136810,1.0,54,44
ENSG00000196083,0.0,54,38
ENSG00000164692,1.0,51,42
ENSG00000122728,0.0,43,28
ENSG00000105810,1.0,58,40
ENSG00000103426,1.0,48,43
ENSG00000110911,1.0,42,31
ENSG00000130775,0.0,50,36
ENSG00000170370,0.0,61,46
ENSG00000136937,1.0,55,45
ENSG00000116882,0.0,53,42
ENSG00000125812,1.0,50,34
ENSG00000171121,0.0,48,32
ENSG00000111186,0.0,54,50
ENSG00000203965,0.0,43,37
ENSG00000146535,1.0,53,47
ENSG00000184220,1.0,48,45
ENSG00000120306,1.0,45,42
ENSG00000130508,1.0,54,51
ENSG00000162430,1.0,52,40
ENSG00000183495,1.0,47,37
ENSG00000067606,1.0,45,39
ENSG00000171435,0.0,54,43
ENSG00000102753,1.0,44,49
ENSG00000070756,1.0,57,45
ENSG00000179776,0.0,58,38
ENSG00000100036,0.0,51,35
ENSG00000165376,0.0,41,35
ENSG00000188112,1.0,58,44
ENSG00000118094,0.0,44,32
ENSG00000186047,0.0,51,39
ENSG00000188215,1.0,59,48
ENSG00000169085,0.0,45,28
ENSG00000118257,1.0,55,48
ENSG00000197361,0.0,59,37
ENSG00000158604,1.0,49,39
ENSG00000163820,0.0,52,44
ENSG00000165355,1.0,54,44
ENSG00000075886,0.0,28,26
ENSG00000144214,0.0,37,23
ENSG00000179178,1.0,47,40
ENSG00000140993,1.0,49,44
ENSG00000118961,1.0,30,30
ENSG00000164463,0.0,50,40
ENSG00000237541,0.0,39,28
ENSG00000241852,1.0,46,40
ENSG00000177721,0.0,59,41
ENSG00000206579,0.0,50,36
ENSG00000137038,1.0,48,33
ENSG00000105376,0.0,57,45
ENSG00000138735,1.0,49,37
ENSG00000132744,0.0,43,39
ENSG00000078900,0.0,48,36
ENSG00000132535,1.0,50,47
ENSG00000163206,0.0,45,36
ENSG00000186787,1.0,25,29
ENSG00000182512,1.0,59,45
ENSG00000163933,1.0,52,42
ENSG00000081692,1.0,60,43
ENSG00000105426,1.0,49,41
ENSG00000171530,1.0,42,52
ENSG00000205884,0.0,58,34
ENSG00000136527,1.0,60,44
ENSG00000143257,0.0,54,42
ENSG00000166562,1.0,46,49
ENSG00000108588,1.0,54,42
ENSG00000130032,0.0,45,41
ENSG00000111596,1.0,57,40
ENSG00000184814,0.0,42,26
ENSG00000258947,1.0,59,43
ENSG00000152409,1.0,58,42
ENSG00000110395,1.0,54,39
ENSG00000197461,1.0,60,47
ENSG00000151725,1.0,47,36
ENSG00000096395,0.0,55,39
ENSG00000186765,0.0,49,37
ENSG00000168229,0.0,50,47
ENSG00000115216,1.0,57,45
ENSG00000236699,0.0,48,37
ENSG00000141013,0.0,58,37
ENSG00000188321,1.0,49,36
ENSG00000126216,1.0,44,40
ENSG00000104112,1.0,45,34
ENSG00000153822,0.0,42,38
ENSG00000104970,0.0,46,30
ENSG00000214753,1.0,58,50
ENSG00000163904,1.0,38,37
ENSG00000204815,0.0,50,41
ENSG00000136026,1.0,54,44
ENSG00000184574,0.0,47,37
ENSG00000100100,0.0,53,42
ENSG00000104979,1.0,45,37
ENSG00000177047,0.0,38,26
ENSG00000105552,1.0,50,40
ENSG00000127780,0.0,23,21
ENSG00000147256,0.0,40,36
ENSG00000165283,1.0,53,46
ENSG00000075856,1.0,53,41
ENSG00000145016,1.0,54,41
ENSG00000127241,0.0,53,41
ENSG00000001626,0.0,38,36
ENSG00000170248,1.0,44,37
ENSG00000165527,1.0,56,40
ENSG00000241123,0.0,47,37
ENSG00000123685,0.0,52,43
ENSG00000167792,1.0,46,40
ENSG00000133818,1.0,54,41
ENSG00000137463,0.0,48,41
ENSG00000220201,0.0,47,32
ENSG00000163714,1.0,51,41
ENSG00000185664,1.0,48,46
ENSG00000198156,0.0,3,3
ENSG00000118307,0.0,38,38
ENSG00000101445,1.0,51,50
ENSG00000130545,1.0,49,34
ENSG00000173011,1.0,57,45
ENSG00000138411,0.0,46,47
ENSG00000120963,1.0,56,37
ENSG00000186407,0.0,43,31
ENSG00000020577,1.0,50,50
ENSG00000184349,1.0,51,46
ENSG00000147613,0.0,46,41
ENSG00000158296,0.0,56,42
ENSG00000160710,1.0,61,41
ENSG00000163346,1.0,55,41
ENSG00000107816,1.0,58,46
ENSG00000140043,0.0,43,45
ENSG00000032389,1.0,34,36
ENSG00000163421,0.0,46,34
ENSG00000120727,1.0,47,31
ENSG00000019505,0.0,52,43
ENSG00000129083,1.0,44,39
ENSG00000184210,0.0,31,28
ENSG00000174099,0.0,41,38
ENSG00000167971,0.0,50,36
ENSG00000101198,0.0,51,44
ENSG00000157540,1.0,31,25
ENSG00000172489,0.0,30,17
ENSG00000183439,0.0,52,34
ENSG00000215252,1.0,48,45
ENSG00000185231,0.0,48,41
ENSG00000117625,1.0,45,46
ENSG00000158089,0.0,60,44
ENSG00000120093,0.0,53,44
ENSG00000104946,1.0,57,49
ENSG00000064601,1.0,66,38
ENSG00000113119,1.0,52,41
ENSG00000157224,1.0,50,43
ENSG00000006125,1.0,44,36
ENSG00000145147,1.0,54,49
ENSG00000203812,1.0,9,15
ENSG00000161980,1.0,53,48
ENSG00000178904,1.0,49,45
ENSG00000115902,0.0,50,37
ENSG00000090612,1.0,45,33
ENSG00000138813,0.0,35,32
ENSG00000106399,1.0,34,29
ENSG00000176256,0.0,52,39
ENSG00000175766,0.0,52,46
ENSG00000129455,0.0,49,35
ENSG00000181029,1.0,49,35
ENSG00000078795,0.0,43,34
ENSG00000104524,1.0,53,43
ENSG00000132965,0.0,62,41
ENSG00000175106,0.0,31,22
ENSG00000185127,1.0,49,48
ENSG00000082212,1.0,48,41
ENSG00000107960,1.0,47,42
ENSG00000145623,0.0,51,43
ENSG00000148154,1.0,45,42
ENSG00000143512,0.0,51,35
ENSG00000146006,0.0,48,38
ENSG00000185022,1.0,53,42
ENSG00000172673,0.0,35,28
ENSG00000069206,0.0,47,35
ENSG00000110148,0.0,49,49
ENSG00000144591,1.0,55,47
ENSG00000100324,1.0,54,39
ENSG00000127334,1.0,56,39
ENSG00000180730,0.0,59,47
ENSG00000206530,0.0,49,29
ENSG00000155636,1.0,53,36
ENSG00000157119,0.0,51,41
ENSG00000170484,0.0,50,40
ENSG00000140297,0.0,38,30
ENSG00000258817,0.0,31,17
ENSG00000136108,1.0,44,40
ENSG00000213171,0.0,49,42
ENSG00000119685,1.0,52,43
ENSG00000132405,1.0,54,46
ENSG00000119431,0.0,54,42
ENSG00000137575,1.0,46,29
ENSG00000110696,1.0,54,36
ENSG00000105722,1.0,59,42
ENSG00000250709,1.0,49,34
ENSG00000105668,0.0,41,30
ENSG00000077238,1.0,54,44
ENSG00000153208,1.0,56,38
ENSG00000164076,1.0,61,42
ENSG00000171385,0.0,56,47
ENSG00000163946,1.0,54,41
ENSG00000102081,1.0,49,38
ENSG00000161091,1.0,50,42
ENSG00000150361,0.0,30,31
ENSG00000160318,0.0,47,41
ENSG00000121764,0.0,48,43
ENSG00000152465,1.0,45,36
ENSG00000160221,1.0,58,44
ENSG00000099991,1.0,45,47
ENSG00000197324,1.0,53,47
ENSG00000197182,0.0,34,34
ENSG00000134955,0.0,47,40
ENSG00000058866,0.0,54,46
ENSG00000124214,1.0,53,35
ENSG00000231637,0.0,0,0
ENSG00000132952,1.0,54,42
ENSG00000169957,1.0,56,39
ENSG00000152076,0.0,33,30
ENSG00000150990,1.0,39,32
ENSG00000177613,1.0,51,36
ENSG00000018510,1.0,55,46
ENSG00000105520,1.0,54,35
ENSG00000125848,1.0,52,38
ENSG00000186625,1.0,40,43
ENSG00000221869,0.0,51,41
ENSG00000164002,1.0,37,38
ENSG00000173451,0.0,56,49
ENSG00000087842,1.0,46,36
ENSG00000184009,1.0,56,53
ENSG00000119396,1.0,50,41
ENSG00000105675,0.0,49,35
ENSG00000104805,1.0,52,37
ENSG00000111215,0.0,38,32
ENSG00000010295,0.0,58,42
ENSG00000134531,0.0,55,42
ENSG00000198780,1.0,55,39
ENSG00000198758,0.0,54,42
ENSG00000104131,1.0,52,45
ENSG00000196172,1.0,43,36
ENSG00000134294,1.0,58,48
ENSG00000134884,1.0,50,40
ENSG00000259112,1.0,54,40
ENSG00000055211,1.0,44,46
ENSG00000137672,0.0,50,34
ENSG00000005961,0.0,48,33
ENSG00000162222,1.0,56,44
ENSG00000166634,0.0,48,28
ENSG00000049247,0.0,41,32
ENSG00000161682,1.0,53,39
ENSG00000140332,1.0,63,45
ENSG00000115828,1.0,48,40
ENSG00000197140,0.0,42,34
ENSG00000129691,1.0,55,43
ENSG00000111058,1.0,57,43
ENSG00000105251,0.0,50,40
ENSG00000160870,0.0,45,35
ENSG00000054392,0.0,51,43
ENSG00000116198,1.0,47,46
ENSG00000142207,1.0,50,37
ENSG00000130202,1.0,61,45
ENSG00000170270,1.0,51,37
ENSG00000136856,1.0,55,38
ENSG00000166086,1.0,41,33
ENSG00000178301,0.0,41,34
ENSG00000184232,0.0,57,44
ENSG00000164849,0.0,52,34
ENSG00000065802,1.0,55,46
ENSG00000253485,1.0,41,38
ENSG00000130818,1.0,58,40
ENSG00000039537,0.0,40,31
ENSG00000075240,1.0,43,29
ENSG00000187037,0.0,32,27
ENSG00000106038,1.0,64,43
ENSG00000091140,1.0,51,35
ENSG00000123388,0.0,51,43
ENSG00000188818,0.0,32,31
ENSG00000099899,1.0,61,39
ENSG00000186143,0.0,47,27
ENSG00000253626,1.0,25,20
ENSG00000172613,1.0,51,42
ENSG00000108830,1.0,49,42
ENSG00000166963,0.0,57,46
ENSG00000197694,1.0,57,47
ENSG00000129467,0.0,53,48
ENSG00000100170,0.0,50,39
ENSG00000117523,1.0,48,39
ENSG00000125823,0.0,45,33
ENSG00000105428,0.0,55,38
ENSG00000042088,1.0,55,48
ENSG00000168539,0.0,41,37
ENSG00000248712,0.0,45,43
ENSG00000094661,0.0,45,36
ENSG00000103175,0.0,57,39
ENSG00000113569,1.0,54,45
ENSG00000235863,0.0,59,45
ENSG00000198060,1.0,51,39
ENSG00000155897,1.0,50,50
ENSG00000080031,0.0,29,20
ENSG00000155252,1.0,54,32
ENSG00000183722,1.0,51,33
ENSG00000160469,1.0,42,39
ENSG00000188505,0.0,44,33
ENSG00000160994,0.0,44,39
ENSG00000104447,0.0,47,44
ENSG00000169891,0.0,45,33
ENSG00000006283,0.0,54,49
ENSG00000111331,0.0,53,47
ENSG00000168140,1.0,52,45
ENSG00000168542,0.0,25,23
ENSG00000124198,1.0,48,52
ENSG00000108439,0.0,65,37
ENSG00000176386,1.0,44,39
ENSG00000181220,1.0,47,46
ENSG00000025800,1.0,57,39
ENSG00000179965,1.0,47,36
ENSG00000005981,0.0,30,25
ENSG00000186493,0.0,53,43
ENSG00000183434,0.0,49,34
ENSG00000107929,1.0,48,39
ENSG00000090971,1.0,52,41
ENSG00000085840,1.0,56,46
ENSG00000181885,1.0,53,45
ENSG00000187742,1.0,55,37
ENSG00000183783,0.0,41,37
ENSG00000204219,0.0,54,44
ENSG00000168397,1.0,56,48
ENSG00000178795,0.0,44,32
ENSG00000177463,1.0,53,43
ENSG00000170260,1.0,51,40
ENSG00000125611,0.0,47,46
ENSG00000101104,1.0,52,52
ENSG00000138381,1.0,36,37
ENSG00000174243,1.0,50,37
ENSG00000100239,1.0,37,28
ENSG00000080603,1.0,46,42
ENSG00000100593,0.0,41,37
ENSG00000204991,0.0,49,41
ENSG00000186526,0.0,51,32
ENSG00000187806,0.0,39,22
ENSG00000131788,1.0,56,42
ENSG00000153993,0.0,23,12
ENSG00000152229,0.0,49,40
ENSG00000107317,0.0,47,39
ENSG00000161526,1.0,53,40
ENSG00000125968,1.0,57,42
ENSG00000176142,1.0,50,40
ENSG00000103534,0.0,56,39
ENSG00000131591,0.0,53,45
ENSG00000125457,1.0,54,39
ENSG00000179938,0.0,5,9
ENSG00000160226,1.0,52,41
ENSG00000164746,0.0,47,36
ENSG00000189042,1.0,51,38
ENSG00000253710,1.0,50,42
ENSG00000183671,0.0,51,35
ENSG00000104361,0.0,50,39
ENSG00000108448,0.0,31,17
ENSG00000129437,0.0,35,29
ENSG00000228278,0.0,28,29
ENSG00000169122,1.0,49,39
ENSG00000173641,0.0,58,41
ENSG00000172766,1.0,55,38
ENSG00000221813,0.0,45,34
ENSG00000122435,1.0,51,43
ENSG00000099958,0.0,49,43
ENSG00000126106,0.0,58,33
ENSG00000131864,0.0,34,26
ENSG00000154930,0.0,54,46
ENSG00000185689,0.0,55,37
ENSG00000105677,1.0,56,43
ENSG00000073861,0.0,54,39
ENSG00000177363,0.0,42,35
ENSG00000151729,1.0,51,42
ENSG00000109743,0.0,47,39
ENSG00000215717,1.0,45,43
ENSG00000177169,1.0,49,48
ENSG00000249751,1.0,51,35
ENSG00000140398,0.0,48,43
ENSG00000176771,0.0,50,33
ENSG00000147174,0.0,29,25
ENSG00000171522,0.0,48,45
ENSG00000175662,0.0,51,36
ENSG00000148690,1.0,54,36
ENSG00000183072,0.0,59,43
ENSG00000176401,0.0,46,41
ENSG00000197081,1.0,58,41
ENSG00000188315,0.0,45,33
ENSG00000169174,1.0,58,40
ENSG00000134057,1.0,48,45
ENSG00000184033,0.0,0,0
ENSG00000134160,0.0,48,30
ENSG00000021776,1.0,44,43
ENSG00000149557,0.0,43,45
ENSG00000168671,1.0,44,43
ENSG00000176087,1.0,59,42
ENSG00000213145,0.0,57,39
ENSG00000112855,1.0,51,42
ENSG00000124562,1.0,56,38
ENSG00000171595,0.0,45,38
ENSG00000105705,1.0,50,48
ENSG00000157796,0.0,45,40
ENSG00000136866,0.0,58,39
ENSG00000083290,0.0,59,38
ENSG00000086758,1.0,54,39
ENSG00000213402,0.0,44,30
ENSG00000128641,1.0,57,43
ENSG00000134686,0.0,52,40
ENSG00000147885,0.0,27,19
ENSG00000135624,1.0,55,48
ENSG00000158796,1.0,59,43
ENSG00000152402,0.0,51,35
ENSG00000205426,0.0,22,16
ENSG00000142546,1.0,52,35
ENSG00000180878,0.0,53,39
ENSG00000121270,0.0,44,40
ENSG00000119383,1.0,53,41
ENSG00000075539,1.0,51,43
ENSG00000055732,0.0,47,43
ENSG00000198898,1.0,40,35
ENSG00000197128,0.0,57,38
ENSG00000175040,1.0,53,49
ENSG00000110042,1.0,53,49
ENSG00000168418,0.0,52,36
ENSG00000151962,0.0,29,31
ENSG00000185774,0.0,24,29
ENSG00000139437,1.0,59,33
ENSG00000007047,1.0,42,42
ENSG00000180287,0.0,45,38
ENSG00000229676,0.0,41,33
ENSG00000136694,0.0,47,41
ENSG00000169344,0.0,44,38
ENSG00000100345,1.0,54,36
ENSG00000187821,0.0,56,46
ENSG00000147548,1.0,49,43
ENSG00000167721,1.0,62,45
ENSG00000123737,1.0,52,41
ENSG00000186350,1.0,54,47
ENSG00000256269,1.0,58,32
ENSG00000053254,1.0,47,46
ENSG00000165630,1.0,35,37
ENSG00000134375,1.0,50,37
ENSG00000143494,1.0,52,47
ENSG00000100336,0.0,43,28
ENSG00000102760,0.0,46,48
ENSG00000204963,1.0,35,34
ENSG00000197971,0.0,46,32
ENSG00000126231,0.0,43,43
ENSG00000130755,0.0,37,28
ENSG00000154978,1.0,49,37
ENSG00000116690,0.0,42,33
ENSG00000167208,0.0,53,39
ENSG00000148229,1.0,61,41
ENSG00000162896,0.0,47,37
ENSG00000172197,1.0,49,42
ENSG00000143995,0.0,58,41
ENSG00000012963,1.0,48,44
ENSG00000157350,1.0,51,43
ENSG00000173040,0.0,65,37
ENSG00000187535,0.0,56,43
ENSG00000016602,0.0,35,28
ENSG00000170604,1.0,56,43
ENSG00000177084,1.0,42,36
ENSG00000122642,1.0,49,37
ENSG00000186329,0.0,43,30
ENSG00000171621,0.0,60,45
ENSG00000102710,1.0,46,40
ENSG00000104290,1.0,50,45
ENSG00000257446,0.0,39,37
ENSG00000185624,1.0,57,40
ENSG00000151917,0.0,56,40
ENSG00000118520,0.0,37,26
ENSG00000072818,1.0,48,37
ENSG00000142507,1.0,45,36
ENSG00000241973,1.0,51,44
ENSG00000141497,0.0,52,41
ENSG00000155592,1.0,63,40
ENSG00000197969,1.0,43,44
ENSG00000198964,1.0,54,51
ENSG00000103121,1.0,51,49
ENSG00000122068,1.0,45,37
ENSG00000112695,1.0,40,35
ENSG00000100284,1.0,47,36
ENSG00000160209,1.0,51,43
ENSG00000187416,0.0,49,41
ENSG00000114670,0.0,41,38
ENSG00000176018,1.0,45,39
ENSG00000097096,1.0,43,39
ENSG00000259571,0.0,44,30
ENSG00000198466,1.0,50,35
ENSG00000100439,1.0,54,48
ENSG00000186648,0.0,53,41
ENSG00000204052,0.0,53,45
ENSG00000243710,0.0,49,43
ENSG00000197321,1.0,46,37
ENSG00000164265,1.0,50,38
ENSG00000146966,0.0,42,43
ENSG00000134184,1.0,49,34
ENSG00000160051,0.0,54,43
ENSG00000077498,0.0,41,26
ENSG00000188282,0.0,52,39
ENSG00000196772,0.0,26,17
ENSG00000214212,0.0,48,38
ENSG00000145990,0.0,39,42
ENSG00000162624,0.0,43,47
ENSG00000181778,0.0,47,42
ENSG00000127914,1.0,43,32
ENSG00000228075,0.0,52,37
ENSG00000184709,0.0,44,33
ENSG00000157168,0.0,32,26
ENSG00000066557,1.0,54,43
ENSG00000185559,0.0,52,42
ENSG00000142686,1.0,50,41
ENSG00000162377,1.0,50,40
ENSG00000178586,0.0,36,28
ENSG00000204648,0.0,19,15
ENSG00000141316,0.0,48,39
ENSG00000100429,0.0,47,47
ENSG00000130741,1.0,53,39
ENSG00000140598,1.0,56,40
ENSG00000181085,0.0,47,30
ENSG00000105254,1.0,55,49
ENSG00000169282,0.0,40,30
ENSG00000009724,0.0,46,35
ENSG00000197622,1.0,62,44
ENSG00000143033,1.0,55,45
ENSG00000221949,0.0,50,45
ENSG00000162598,0.0,47,34
ENSG00000021355,1.0,51,46
ENSG00000181722,0.0,36,34
ENSG00000044524,0.0,25,35
ENSG00000171631,0.0,55,37
ENSG00000254081,0.0,38,29
ENSG00000178105,1.0,61,41
ENSG00000128652,0.0,53,32
ENSG00000251201,1.0,52,45
ENSG00000105617,1.0,53,35
ENSG00000253537,1.0,46,34
ENSG00000134061,0.0,48,37
ENSG00000160948,1.0,55,41
ENSG00000007062,1.0,41,32
ENSG00000128254,0.0,61,48
ENSG00000167941,0.0,54,33
ENSG00000196581,0.0,60,42
ENSG00000083828,1.0,49,39
ENSG00000188869,0.0,45,37
ENSG00000188263,0.0,43,44
ENSG00000215203,0.0,33,26
ENSG00000131055,0.0,39,30
ENSG00000096433,1.0,59,41
ENSG00000213214,1.0,5,4
ENSG00000158488,0.0,44,29
ENSG00000205710,0.0,53,48
ENSG00000006025,0.0,47,43
ENSG00000143473,0.0,43,32
ENSG00000168405,0.0,33,34
ENSG00000145354,1.0,41,30
ENSG00000081248,0.0,51,39
ENSG00000104142,1.0,51,38
ENSG00000115239,1.0,50,50
ENSG00000119559,1.0,48,39
ENSG00000213780,1.0,59,37
ENSG00000062038,1.0,54,42
ENSG00000146147,0.0,38,32
ENSG00000140157,1.0,46,38
ENSG00000166546,0.0,56,42
ENSG00000129946,0.0,47,43
ENSG00000156299,1.0,58,43
ENSG00000132432,1.0,40,44
ENSG00000187391,1.0,46,42
ENSG00000122121,0.0,43,39
ENSG00000213782,1.0,52,37
ENSG00000167768,0.0,48,27
ENSG00000170477,0.0,43,36
ENSG00000117000,1.0,53,41
ENSG00000183111,0.0,50,38
ENSG00000008869,1.0,52,39
ENSG00000146618,0.0,41,40
ENSG00000162924,0.0,42,40
ENSG00000179846,0.0,46,27
ENSG00000167772,0.0,52,39
ENSG00000171451,1.0,55,41
ENSG00000137221,1.0,46,42
ENSG00000116288,1.0,51,44
ENSG00000173093,0.0,51,44
ENSG00000166796,0.0,39,33
ENSG00000136156,1.0,56,48
ENSG00000205277,0.0,49,41
ENSG00000166436,0.0,43,39
ENSG00000198626,0.0,52,40
ENSG00000120458,1.0,55,44
ENSG00000137269,1.0,59,47
ENSG00000137880,1.0,61,43
ENSG00000162650,1.0,59,47
ENSG00000110318,0.0,45,34
ENSG00000175334,1.0,54,40
ENSG00000162714,1.0,58,45
ENSG00000129993,0.0,41,33
ENSG00000121644,1.0,52,49
ENSG00000196290,1.0,53,40
ENSG00000065485,1.0,45,47
ENSG00000168282,1.0,52,42
ENSG00000135069,1.0,60,46
ENSG00000138442,1.0,51,38
ENSG00000081041,0.0,44,47
ENSG00000204571,0.0,43,30
ENSG00000182013,1.0,52,42
ENSG00000127989,1.0,45,36
ENSG00000153391,1.0,51,46
ENSG00000198369,1.0,53,37
ENSG00000125629,0.0,43,33
ENSG00000100926,1.0,52,42
ENSG00000139668,1.0,56,35
ENSG00000113407,1.0,51,49
ENSG00000145730,1.0,38,28
ENSG00000156886,0.0,44,31
ENSG00000182791,0.0,49,36
ENSG00000177030,1.0,51,44
ENSG00000177943,1.0,38,37
ENSG00000162873,0.0,49,43
ENSG00000115594,0.0,41,30
ENSG00000181616,0.0,42,31
ENSG00000188095,0.0,53,37
ENSG00000050344,1.0,59,46
ENSG00000171425,1.0,55,43
ENSG00000154133,0.0,42,34
ENSG00000177576,1.0,50,47
ENSG00000171067,1.0,56,43
ENSG00000133134,1.0,31,27
ENSG00000105185,1.0,53,41
ENSG00000103044,1.0,63,42
ENSG00000213920,1.0,51,41
ENSG00000144061,0.0,38,32
ENSG00000184672,0.0,40,41
ENSG00000131844,1.0,47,49
ENSG00000179454,1.0,46,44
ENSG00000131771,0.0,53,46
ENSG00000141441,1.0,48,45
ENSG00000159708,0.0,39,32
ENSG00000178184,1.0,54,41
ENSG00000188825,0.0,47,44
ENSG00000129667,1.0,49,43
ENSG00000181577,1.0,62,44
ENSG00000179242,0.0,54,35
ENSG00000152093,0.0,0,0
ENSG00000175970,1.0,53,41
ENSG00000100129,1.0,57,42
ENSG00000122367,0.0,54,40
ENSG00000111664,0.0,47,41
ENSG00000184716,0.0,50,42
ENSG00000125999,0.0,50,36
ENSG00000196091,0.0,33,25
ENSG00000184857,1.0,53,48
ENSG00000244355,0.0,51,36
ENSG00000155254,1.0,61,42
ENSG00000087502,1.0,50,38
ENSG00000164305,1.0,62,43
ENSG00000162783,1.0,53,50
ENSG00000128536,0.0,30,33
ENSG00000212123,1.0,40,34
ENSG00000174483,1.0,53,35
ENSG00000198920,1.0,45,50
ENSG00000070831,1.0,46,34
ENSG00000007933,0.0,31,29
ENSG00000204880,0.0,32,17
ENSG00000119650,0.0,60,40
ENSG00000162878,0.0,60,46
ENSG00000213904,0.0,55,44
ENSG00000161992,0.0,39,41
ENSG00000041988,0.0,55,38
ENSG00000167088,1.0,52,39
ENSG00000198556,0.0,49,37
ENSG00000176294,0.0,24,15
ENSG00000095203,1.0,57,44
ENSG00000197296,0.0,47,38
ENSG00000167536,1.0,56,39
ENSG00000013523,1.0,58,43
ENSG00000089737,1.0,60,41
ENSG00000095261,1.0,54,39
ENSG00000159224,0.0,39,36
ENSG00000066135,1.0,53,42
ENSG00000197816,0.0,45,41
ENSG00000153347,0.0,34,28
ENSG00000255529,1.0,54,43
ENSG00000180205,0.0,40,32
ENSG00000100628,0.0,51,36
ENSG00000144354,1.0,54,49
ENSG00000232258,0.0,54,45
ENSG00000103363,1.0,58,45
ENSG00000204463,1.0,57,41
ENSG00000163376,1.0,47,31
ENSG00000141434,0.0,38,24
ENSG00000143412,0.0,48,39
ENSG00000067715,1.0,19,11
ENSG00000105287,1.0,45,42
ENSG00000148308,1.0,54,42
ENSG00000172878,0.0,52,39
ENSG00000099985,0.0,55,39
ENSG00000135837,1.0,46,36
ENSG00000166960,0.0,42,35
ENSG00000253506,0.0,42,35
ENSG00000180155,0.0,49,32
ENSG00000144893,0.0,60,44
ENSG00000188373,0.0,55,40
ENSG00000176971,0.0,44,32
ENSG00000189283,0.0,50,43
ENSG00000115677,1.0,56,45
ENSG00000198271,0.0,37,35
ENSG00000163288,0.0,34,40
ENSG00000110851,1.0,49,40
ENSG00000156521,1.0,57,40
ENSG00000162104,0.0,52,48
ENSG00000185668,0.0,51,48
ENSG00000170807,0.0,45,33
ENSG00000114982,1.0,50,37
ENSG00000010270,1.0,48,36
ENSG00000188655,0.0,32,28
ENSG00000163815,0.0,54,39
ENSG00000167645,1.0,53,36
ENSG00000230178,0.0,0,0
ENSG00000148339,1.0,52,45
ENSG00000198055,1.0,59,40
ENSG00000185000,1.0,53,44
ENSG00000175592,1.0,58,39
ENSG00000230778,0.0,62,41
ENSG00000110077,0.0,43,37
ENSG00000157014,1.0,51,39
ENSG00000170923,0.0,40,31
ENSG00000215067,0.0,47,48
ENSG00000155008,1.0,33,30
ENSG00000004660,0.0,50,47
ENSG00000138386,1.0,48,39
ENSG00000070081,1.0,43,42
ENSG00000091436,1.0,52,35
ENSG00000118217,1.0,51,36
ENSG00000111732,0.0,32,36
ENSG00000163935,1.0,46,43
ENSG00000151067,0.0,55,51
